<?xml version="1.0" encoding="UTF-8"?>
<extension version="3.5" type="file" group="jcalpro" method="upgrade">
	<name>FILES_JCALTHEME_INSPIRED</name>
	<license>http://www.gnu.org/licenses/gpl-2.0.html GNU/GPL</license>
	<author>Joomlashack</author>
	<authorUrl>http://joomlashack.com</authorUrl>
	<creationDate>February 09 2017</creationDate>
	<copyright>Copyright (c) 2006-2012 Anything-Digital.com - 2016 Open Source Training, LLC</copyright>
	<version>4.1.6</version>
	<description>FILES_JCALTHEME_INSPIRED_XML_DESCRIPTION</description>
	<languages folder="language">
		<language tag="en-GB">en-GB/en-GB.files_jcaltheme_inspired.sys.ini</language>
	</languages>
	<fileset>
		<files target="media/com_jcalpro/themes/inspired">
			<folder>css</folder>
			<folder>modules</folder>
		</files>
		<files folder="html/categories" target="components/com_jcalpro/views/categories/tmpl">
			<filename>inspired_categories.php</filename>
		</files>
		<files folder="html/category" target="components/com_jcalpro/views/category/tmpl">
			<filename>inspired_category_empty.php</filename>
			<filename>inspired_category_events.php</filename>
			<filename>inspired_category.php</filename>
		</files>
		<files folder="html/common" target="components/com_jcalpro/views/common/tmpl">
			<filename>inspired_bottom.php</filename>
			<filename>inspired_categories_legend.php</filename>
			<filename>inspired_search_form.php</filename>
			<filename>inspired_toolbar.php</filename>
			<filename>inspired_top.php</filename>
			<filename>inspired_top_header.php</filename>
		</files>
		<files folder="html/event" target="components/com_jcalpro/views/event/tmpl">
			<filename>edit_inspired.php</filename>
			<filename>inspired_event.php</filename>
		</files>
		<files folder="html/events" target="components/com_jcalpro/views/events/tmpl">
			<filename>inspired_admin_body.php</filename>
			<filename>inspired_admin_head.php</filename>
			<filename>inspired_day.php</filename>
			<filename>inspired_day_body.php</filename>
			<filename>inspired_day_head.php</filename>
			<filename>inspired_flat.php</filename>
			<filename>inspired_flat_body.php</filename>
			<filename>inspired_flat_head.php</filename>
			<filename>inspired_month.php</filename>
			<filename>inspired_month_body.php</filename>
			<filename>inspired_month_head.php</filename>
			<filename>inspired_week.php</filename>
			<filename>inspired_week_body.php</filename>
			<filename>inspired_week_head.php</filename>
		</files>

		<files folder="html/location" target="components/com_jcalpro/views/location/tmpl">
			<filename>inspired_location.php</filename>
			<filename>inspired_location_events.php</filename>
		</files>

		<files folder="html/registration" target="components/com_jcalpro/views/registration/tmpl">
			<filename>edit_inspired.php</filename>
		</files>
		<files folder="html/search" target="components/com_jcalpro/views/search/tmpl">
			<filename>inspired_search_empty.php</filename>
			<filename>inspired_search_results.php</filename>
			<filename>inspired_search_title.php</filename>
		</files>
	</fileset>
	<config>
		<fields name="params">
			<fieldset name="basic">
				<field name="load_common" default="0" type="hidden" />
			</fieldset>
		</fields>
	</config>
</extension>
