<?xml version="1.0" encoding="utf-8"?>
<extension version="2.5" type="plugin" group="system" method="upgrade">
	<name>System - RSForm! Pro bfForms Migration</name>
	<author>RSJoomla!</author>
	<creationDate>July 2014</creationDate>
	<copyright>(C) 2014 www.rsjoomla.com</copyright>
	<license>GNU General Public License</license>
	<authorEmail>support@rsjoomla.com</authorEmail>
	<authorUrl>www.rsjoomla.com</authorUrl>
	<version>1.0.0</version>
	<description><![CDATA[RSFP_BFF_DESC]]></description>
	<scriptfile>script.php</scriptfile>
	<files>
		<filename plugin="rsfpbfforms">rsfpbfforms.php</filename>
		<filename>helper.php</filename>
		<filename>index.html</filename>
	</files>
	<languages folder="language/en-GB">
		<language tag="en-GB">en-GB.plg_system_rsfpbfforms.ini</language>
		<language tag="en-GB">en-GB.plg_system_rsfpbfforms.sys.ini</language>
	</languages>
</extension>