<?xml version="1.0" encoding="utf-8"?>
<extension type="plugin" group="osmap" version="3.4" method="upgrade">
    <name>plg_osmap_demo</name>
    <author>OSTraining</author>
    <creationDate>July 01 2016</creationDate>
    <copyright>Copyright (C) 2016 Open Source Training, LLC. All rights reserved. / Forked from XMap - Guillermo Vargas - guille@vargas.co.cr</copyright>
    <license>GNU General Public License version 2 or later; see LICENSE</license>
    <authorEmail>support@ostraining.com</authorEmail>
    <authorUrl>https://www.ostraining.com</authorUrl>
    <version>4.1.4a1</version>
    <variant>FREE</variant>
    <description>plg_osmap_demo_description</description>

    <files>
        <filename plugin="demo">demo.php</filename>
    </files>
</extension>
