<?xml version="1.0" encoding="utf-8"?>
<extension version="2.5" type="module" client="site" method="upgrade">
	<name>RSForm! Pro Module Frontend List</name>
	<author>RSJoomla!</author>
	<creationDate>November 2012</creationDate>
	<copyright>(C) 2007-2012 www.rsjoomla.com</copyright>
	<license>GNU General Public License</license>
	<authorEmail>support@rsjoomla.com</authorEmail>
	<authorUrl>www.rsjoomla.com</authorUrl>
	<version>1.4.0</version>
	<description><![CDATA[MOD_RSFORM_LIST_DESC]]></description>
	<scriptfile>script.php</scriptfile>
	<files>
		<filename module="mod_rsform_list">mod_rsform_list.php</filename>
		<filename>helper.php</filename>
		<filename>index.html</filename>
		<folder>tmpl</folder>
	</files>
	<languages folder="language/en-GB">
		<language tag="en-GB">en-GB.mod_rsform_list.ini</language>
		<language tag="en-GB">en-GB.mod_rsform_list.sys.ini</language>
	</languages>
	<config>
		<fields name="params" addfieldpath="/administrator/components/com_rsform/models/fields">
			<fieldset name="basic">
				<field name="formId" type="forms" default="1" label="MOD_RSFORMLIST_ID" description="MOD_RSFORMLIST_ID_DESC" />
				<field name="lang" type="lang" default="" label="MOD_RSFORMLIST_SHOW_SUBMISSIONS_LANGUAGE" description="MOD_RSFORMLIST_SHOW_SUBMISSIONS_LANGUAGE_DESC" />
				<field name="sort_submissions" type="radio" default="0" label="MOD_RSFORMLIST_SORT_SUBMISSIONS" description="MOD_RSFORMLIST_SORT_SUBMISSIONS_DESC">
					<option value="0">MOD_RSFORMLIST_DESC</option>
					<option value="1">MOD_RSFORMLIST_ASC</option>
				</field>
				<field name="@spacer" type="spacer" default="" label="" description="" />
				<field name="userId" type="text" default="0" label="MOD_RSFORMLIST_SHOW_SUBMISSIONS_FOR" description="MOD_RSFORMLIST_SHOW_SUBMISSIONS_FOR_DESC" />
				<field name="show_confirmed" type="radio" default="0" label="MOD_RSFORMLIST_SHOW_CONFIRMED_SUBMISSIONS" description="MOD_RSFORMLIST_SHOW_CONFIRMED_SUBMISSIONS_DESC">
					<option value="0">JNO</option>
					<option value="1">JYES</option>
				</field>
				<field filter="raw" name="template_module" type="textarea" default="&lt;table width=&quot;100%&quot;&gt;{formdata}&lt;/table&gt;" label="MOD_RSFORMLIST_MODULE_LAYOUT" description="MOD_RSFORMLIST_MODULE_LAYOUT_DESC" cols="60" rows="7" />
				<field filter="raw" name="template_formdatarow" type="textarea" default="&lt;tr&gt;&lt;td&gt;{details}{FullName:value}{/details}&lt;/td&gt;&lt;td&gt;{Email:value}&lt;/td&gt;&lt;/tr&gt;" label="MOD_RSFORMLIST_ROW_LAYOUT" description="MOD_RSFORMLIST_ROW_LAYOUT_DESC" cols="60" rows="7" />
				<field filter="raw" name="template_formdetail" type="textarea" default="&lt;table width=&quot;100%&quot;&gt;&lt;tr&gt;&lt;td&gt;{FullName:value}&lt;/td&gt;&lt;td&gt;{Email:value}&lt;/td&gt;&lt;/tr&gt;&lt;/table&gt;" label="MOD_RSFORMLIST_DETAILS_LAYOUT" description="MOD_RSFORMLIST_DETAILS_LAYOUT_DESC" cols="60" rows="7" />
				<field name="limit" type="text" default="30" label="MOD_RSFORMLIST_PAGE_LIMIT" description="MOD_RSFORMLIST_PAGE_LIMIT_DESC" />
				<field name="moduleclass_sfx" type="text" default="" label="COM_MODULES_FIELD_MODULECLASS_SFX_LABEL" description="COM_MODULES_FIELD_MODULECLASS_SFX_DESC" />
			</fieldset>
		</fields>
	</config>
</extension>