<?xml version="1.0" encoding="UTF-8"?>
<extension version="2.5" type="file" group="jcalpro" method="upgrade">
	<name>FILES_JCALTHEME_BARBARIANS</name>
	<license>http://www.gnu.org/licenses/gpl-2.0.html GNU/GPL</license>
	<author>TreeFlame</author>
	<authorUrl>https://treefla.me</authorUrl>
	<creationDate>February 09 2017</creationDate>
	<copyright>2016 TreeFlame</copyright>
	<version>4.1.6</version>
	<description>FILES_JCALTHEME_BARBARIANS_XML_DESCRIPTION</description>
	<languages folder="language">
		<language tag="en-GB">en-GB/en-GB.files_jcaltheme_barbarians.sys.ini</language>
	</languages>
	<fileset>
		<files target="media/com_jcalpro/themes/barbarians">
			<folder>css</folder>
            <folder>includes</folder>
			<folder>modules</folder>
		</files>
		<files folder="html/categories" target="components/com_jcalpro/views/categories/tmpl">
			<filename>barbarians_categories.php</filename>
		</files>
		<files folder="html/category" target="components/com_jcalpro/views/category/tmpl">
			<filename>barbarians_category_empty.php</filename>
			<filename>barbarians_category_events.php</filename>
			<filename>barbarians_category.php</filename>
		</files>
		<files folder="html/common" target="components/com_jcalpro/views/common/tmpl">
			<filename>barbarians_bottom.php</filename>
			<filename>barbarians_categories_legend.php</filename>
			<filename>barbarians_search_form.php</filename>
			<filename>barbarians_toolbar.php</filename>
			<filename>barbarians_top.php</filename>
			<filename>barbarians_top_header.php</filename>
		</files>
		<files folder="html/event" target="components/com_jcalpro/views/event/tmpl">
			<filename>edit_barbarians.php</filename>
			<filename>barbarians_event.php</filename>
		</files>
		<files folder="html/events" target="components/com_jcalpro/views/events/tmpl">
			<filename>barbarians_admin_body.php</filename>
			<filename>barbarians_admin_head.php</filename>
			<filename>barbarians_day.php</filename>
			<filename>barbarians_day_body.php</filename>
			<filename>barbarians_day_head.php</filename>
			<filename>barbarians_flat.php</filename>
			<filename>barbarians_flat_body.php</filename>
			<filename>barbarians_flat_head.php</filename>
			<filename>barbarians_month.php</filename>
			<filename>barbarians_month_body.php</filename>
			<filename>barbarians_month_head.php</filename>
			<filename>barbarians_week.php</filename>
			<filename>barbarians_week_body.php</filename>
			<filename>barbarians_week_head.php</filename>
		</files>

		<files folder="html/location" target="components/com_jcalpro/views/location/tmpl">
			<filename>barbarians_location.php</filename>
			<filename>barbarians_location_events.php</filename>
		</files>

		<files folder="html/registration" target="components/com_jcalpro/views/registration/tmpl">
			<filename>edit_barbarians.php</filename>
		</files>
		<files folder="html/search" target="components/com_jcalpro/views/search/tmpl">
			<filename>barbarians_search_empty.php</filename>
			<filename>barbarians_search_results.php</filename>
			<filename>barbarians_search_title.php</filename>
		</files>
	</fileset>
	<config>
		<fields name="params">
			<fieldset name="basic">
				<field name="load_common" default="0" type="hidden" />
			</fieldset>
		</fields>
	</config>
</extension>
