<?xml version="1.0" encoding="utf-8"?>
<extension type="library" version="2.5" method="upgrade">
    <name>Alledia Framework (Don't uninstall this if you're using an Alledia/Joomlashack extension)</name>
    <libraryname>allediaframework</libraryname>
    <author>Alledia</author>
    <creationDate>January 06 2017</creationDate>
    <copyright>Copyright (C) 2016 Open Source Training, LLC. All rights reserved.</copyright>
    <license>GPL v3</license>
    <authorEmail>support@alledia.com</authorEmail>
    <authorUrl>https://www.alledia.com</authorUrl>
    <version>1.5.8</version>
    <variant>FREE</variant>
    <description>Shared library for Alledia extensions</description>

    <files>
        <filename>include.php</filename>
        <filename>AllediaPsr4AutoLoader.php</filename>
        <folder>Framework</folder>
    </files>

    <updateservers>
        <server type="extension" priority="1" name="Alledia Framework"><![CDATA[https://deploy.ostraining.com/client/update/free/stable/lib_allediaframework]]></server>
    </updateservers>

    <alledia>
        <element>allediaframework</element>
        <namespace>AllediaFramework</namespace>
        <license>free</license>
    </alledia>
</extension>
