<?xml version="1.0" encoding="utf-8"?>
<extension version="2.5" type="plugin" group="system" method="upgrade">
    <name>plg_system_osmylicensesmanager</name>
    <author>Joomlashack.com</author>
    <creationDate>January 18 2017</creationDate>
    <copyright>Copyright (C) 2016 Joomlashack.com</copyright>
    <license>http://www.gnu.org/licenses/gpl-2.0.html GNU/GPL</license>
    <authorEmail>help@joomlashack.com</authorEmail>
    <authorUrl>https://www.joomlashack.com</authorUrl>
    <version>1.2.4</version>
    <description>PLG_SYSTEM_OSMYLICENSESMANAGER_DESCRIPTION</description>

    <alledia>
        <element publish="true">osmylicensesmanager</element>
        <namespace>OSMyLicensesManager</namespace>
        <license>free</license>
        <relatedExtensions>
            <extension
                type="library"
                element="allediaframework"
                >AllediaFramework</extension>

            <extension
                type="plugin"
                group="system"
                element="osystem"
                publish="true"
                ordering="first"
                >OSSystem</extension>
        </relatedExtensions>
        <include>AllediaFreeDefaultFiles</include>
    </alledia>

    <scriptfile>script.installer.php</scriptfile>

    <files>
        <folder>language</folder>
        <folder>library</folder>
        <folder>views</folder>
        <folder>form</folder>
        <filename plugin="osmylicensesmanager">osmylicensesmanager.php</filename>
        <filename>include.php</filename>
    </files>

    <media destination="plg_system_osmylicensesmanager" folder="media">
        <folder>css</folder>
        <folder>js</folder>
        <folder>images</folder>
    </media>

    <config>
        <fields name="params">
            <fieldset name="basic" addfieldpath="/plugins/system/osmylicensesmanager/form/fields">
                <field
                    name="license-keys"
                    type="text"
                    label="PLG_SYSTEM_OSMYLICENSESMANAGER_FIELD_LICENSE_KEYS_LABEL"
                    description="PLG_SYSTEM_OSMYLICENSESMANAGER_FIELD_LICENSE_KEYS_DESC"
                    />

                <field
                    type="customfooter"
                    name="customfooter"
                    media="plg_system_osmylicensesmanager" />
            </fieldset>
        </fields>
    </config>

    <updateservers>
        <server type="extension" priority="1" name="OSMyLicensesManager"><![CDATA[https://deploy.ostraining.com/client/update/free/stable/plg_system_osmylicensesmanager]]></server>
    </updateservers>
</extension>
