<?xml version="1.0" encoding="utf-8"?>
<extension version="3.4.0" type="plugin" group="sermonspeaker" method="upgrade">
	<name>plg_sermonspeaker_jwplayer5</name>
	<author>Thomas Hunziker</author>
	<creationDate>2015-03-19</creationDate>
	<copyright>(C) 2015</copyright>
	<license>http://www.gnu.org/licenses/gpl.html</license>
	<authorEmail>admin@sermonspeaker.net</authorEmail>
	<authorUrl>http://www.sermonspeaker.net</authorUrl>
	<version>5.3.1</version>
	<description>PLG_SERMONSPEAKER_JWPLAYER5_XML_DESCRIPTION</description>
	<files>
		<filename plugin="jwplayer5">jwplayer5.php</filename>
		<folder>language</folder>
	</files>
	<media destination="plg_sermonspeaker_jwplayer5" folder="media">
		<filename>jwplayer.js</filename>
		<filename>player.swf</filename>
	</media>
	<updateservers>
		<server type="extension" priority="1" name="SermonSpeaker.net">http://www.sermonspeaker.net/update/plg_sermonspeaker_jwplayer5.xml</server>
	</updateservers>
	<config>
		<fields name="params">
			<fieldset name="basic">

				<field
					name="autostart"
					type="radio"
					label="PLG_SERMONSPEAKER_COMMON_FIELD_AUTOSTART_LABEL"
					description="PLG_SERMONSPEAKER_COMMON_FIELD_AUTOSTART_DESC"
					class="btn-group btn-group-yesno"
					default="0"
					>
					<option value="1">JYES</option>
					<option value="0">JNO</option>
				</field>

				<field
					name="fileprio"
					type="list"
					label="PLG_SERMONSPEAKER_COMMON_FIELD_FILEPRIO_LABEL"
					description="PLG_SERMONSPEAKER_COMMON_FIELD_FILEPRIO_DESC"
					default="0"
					>
					<option value="1">Video</option>
					<option value="0">Audio</option>
				</field>

				<field
					name="filetoggle"
					type="radio"
					label="PLG_SERMONSPEAKER_COMMON_FIELD_FILETOGGLE_LABEL"
					description="PLG_SERMONSPEAKER_COMMON_FIELD_FILETOGGLE_DESC"
					class="btn-group btn-group-yesno"
					default="0"
					>
					<option value="1">JYES</option>
					<option value="0">JNO</option>
				</field>

				<field
					name="mode"
					type="list"
					label="PLG_SERMONSPEAKER_JWPLAYER5_FIELD_MODE_LABEL"
					description="PLG_SERMONSPEAKER_JWPLAYER5_FIELD_MODE_DESC"
					default="0"
					>
					<option value="0">PLG_SERMONSPEAKER_JWPLAYER5_FIELD_MODE_OPTION_FLASH</option>
					<option value="1">PLG_SERMONSPEAKER_JWPLAYER5_FIELD_MODE_OPTION_HTML5</option>
				</field>

				<field
					name="skin"
					type="text"
					label="PLG_SERMONSPEAKER_JWPLAYER5_FIELD_JWSKIN_LABEL"
					description="PLG_SERMONSPEAKER_JWPLAYER5_FIELD_JWSKIN_DESC"
					default=""
					/>

				<field
					name="awidth"
					type="text"
					label="PLG_SERMONSPEAKER_COMMON_FIELD_AWIDTH_LABEL"
					description="PLG_SERMONSPEAKER_COMMON_FIELD_AWIDTH_DESC"
					default="100%"
					/>

				<field
					name="aheight"
					type="text"
					label="PLG_SERMONSPEAKER_COMMON_FIELD_AHEIGHT_LABEL"
					description="PLG_SERMONSPEAKER_COMMON_FIELD_AHEIGHT_DESC"
					default="23px"
					/>

				<field
					name="vwidth"
					type="text"
					label="PLG_SERMONSPEAKER_COMMON_FIELD_VWIDTH_LABEL"
					description="PLG_SERMONSPEAKER_COMMON_FIELD_VWIDTH_DESC"
					default="100%"
					/>

				<field
					name="vheight"
					type="text"
					label="PLG_SERMONSPEAKER_COMMON_FIELD_VHEIGHT_LABEL"
					description="PLG_SERMONSPEAKER_COMMON_FIELD_VHEIGHT_DESC"
					default="300px"
					/>

			</fieldset>

			<fieldset
				name="plugins"
				label="PLG_SERMONSPEAKER_JWPLAYER5_FIELDSET_PLUGINS_LABEL"
				>

				<field
					name="ga_id"
					type="text"
					label="PLG_SERMONSPEAKER_JWPLAYER5_FIELD_GAID_LABEL"
					description="PLG_SERMONSPEAKER_JWPLAYER5_FIELD_GAID_DESC"
					default=""
					/>

				<field
					name="share"
					type="radio"
					label="PLG_SERMONSPEAKER_JWPLAYER5_FIELD_SHARE_LABEL"
					description="PLG_SERMONSPEAKER_JWPLAYER5_FIELD_SHARE_DESC"
					class="btn-group btn-group-yesno"
					default="0"
					>
					<option value="1">JYES</option>
					<option value="0">JNO</option>
				</field>

				<field
					name="viral"
					type="radio"
					label="PLG_SERMONSPEAKER_JWPLAYER5_FIELD_VIRAL_LABEL"
					description="PLG_SERMONSPEAKER_JWPLAYER5_FIELD_VIRAL_DESC"
					class="btn-group btn-group-yesno"
					default="0"
					>
					<option value="1">JYES</option>
					<option value="0">JNO</option>
				</field>

				<field
					name="fbit"
					type="radio"
					label="PLG_SERMONSPEAKER_JWPLAYER5_FIELD_FBIT_LABEL"
					description="PLG_SERMONSPEAKER_JWPLAYER5_FIELD_FBIT_DESC"
					class="btn-group btn-group-yesno"
					default="0"
					>
					<option value="1">JYES</option>
					<option value="0">JNO</option>
				</field>

				<field
					name="tweetit"
					type="radio"
					label="PLG_SERMONSPEAKER_JWPLAYER5_FIELD_TWEETIT_LABEL"
					description="PLG_SERMONSPEAKER_JWPLAYER5_FIELD_TWEETIT_DESC"
					class="btn-group btn-group-yesno"
					default="0"
					>
					<option value="1">JYES</option>
					<option value="0">JNO</option>
				</field>

				<field
					name="plusone"
					type="radio"
					label="PLG_SERMONSPEAKER_JWPLAYER5_FIELD_PLUSONE_LABEL"
					description="PLG_SERMONSPEAKER_JWPLAYER5_FIELD_PLUSONE_DESC"
					class="btn-group btn-group-yesno"
					default="0"
					>
					<option value="1">JYES</option>
					<option value="0">JNO</option>
				</field>

			</fieldset>
		</fields>
	</config>
</extension>
