<?xml version="1.0" encoding="UTF-8"?>
<extension version="3.5" type="library" method="upgrade">
    <name>HTMLPurifier</name>
    <libraryname>htmlpurifier</libraryname>
    <license>http://www.gnu.org/licenses/lgpl.html LGPL 2.1+</license>
    <author>Edward Z. Yang</author>
    <authorUrl>http://htmlpurifier.org</authorUrl>
    <packager>Joomlashack</packager>
    <packagerurl>https://joomlashack.com</packagerurl>
    <creationDate>February 09 2017</creationDate>
    <version>4.1.6</version>
    <description>LIB_HTMLPURIFIER_XML_DESCRIPTION</description>

    <alledia>
        <element>htmlpurifier</element>
        <namespace>HTMLPurifier</namespace>
        <license>free</license>
        <include>AllediaFreeDefaultFiles</include>
    </alledia>

    <languages folder="language">
        <language tag="en-GB">en-GB/en-GB.lib_htmlpurifier.sys.ini</language>
        <language tag="pt-BR">pt-BR/pt-BR.lib_htmlpurifier.sys.ini</language>
        <language tag="es-ES">es-ES/es-ES.lib_htmlpurifier.sys.ini</language>
        <language tag="nl-NL">nl-NL/nl-NL.lib_htmlpurifier.sys.ini</language>
        <language tag="sv-SE">sv-SE/sv-SE.lib_htmlpurifier.sys.ini</language>
        <language tag="no-NO">no-NO/no-NO.lib_htmlpurifier.sys.ini</language>
        <language tag="ro-RO">ro-RO/ro-RO.lib_htmlpurifier.sys.ini</language>
        <language tag="de-DE">de-DE/de-DE.lib_htmlpurifier.sys.ini</language>
        <language tag="ru-RU">ru-RU/ru-RU.lib_htmlpurifier.sys.ini</language>
        <language tag="da-DK">da-DK/da-DK.lib_htmlpurifier.sys.ini</language>
        <language tag="fr-FR">fr-FR/fr-FR.lib_htmlpurifier.sys.ini</language>
        <language tag="pl-PL">pl-PL/pl-PL.lib_htmlpurifier.sys.ini</language>
    </languages>
    <files>
        <file>purifier.php</file>
        <file>HTMLPurifier.standalone.php</file>
        <folder>standalone</folder>
    </files>
</extension>
