<?xml version="1.0" encoding="utf-8"?>
<extension type="component" version="1.6.0" method="upgrade" client="admin">
    <name>com_uniterevolution</name>
    <creationDate>August 2012</creationDate>
    <author>Unite CMS</author>
	<copyright>Copyright (C) 2012 UniteCMS.net, All rights reserved.</copyright>
	<license>GNU/GPLv3 http://www.gnu.org/licenses/gpl-3.0.html</license>
	<authorEmail>support@unitecms.net</authorEmail>
	<authorUrl>http://www.unitecms.net</authorUrl>
    <version>2.2.8</version>
	
	<description>
		Revolution Slider extension and module installation success!
	</description>
	
	<install>
		<sql>
            <file charset="utf8" driver="mysql">sql/install.sql</file>
        </sql>
    </install>
	
	<uninstall>
		<sql>
            <file charset="utf8" driver="mysql">sql/uninstall.sql</file>
        </sql>
    </uninstall>
		
	<media destination="com_uniterevolution" folder="media">
		<filename>index.html</filename>
		<folder>cache</folder>
		<folder>assets</folder>
	</media>
	
	<files folder="site">
		<filename>index.html</filename>
		<filename>controller.php</filename>
		<filename>uniterevolution.php</filename>
	</files>
	
    <administration>
    	
    	<menu img="components/com_uniterevolution/assets/images/icon-16-revolution.png">COM_UNITEREVOLUTION</menu>
		
    	<files folder="admin">
        	<filename>uniterevolution.php</filename>
            <filename>install.php</filename>
            <filename>controller.php</filename>
			<filename>includes.php</filename>
			<filename>config.xml</filename>
			<filename>release_log.txt</filename>
			<filename>index.html</filename>
			
			<folder>assets</folder>
			<folder>controllers</folder>
			<folder>helpers</folder>
			<folder>language</folder>
            <folder>models</folder>
			<folder>sql</folder>
            <folder>tables</folder>
            <folder>unitejoomla</folder>
            <folder>views</folder>
        </files>
        
    </administration>
	
	<modules>
		<module folder="modules" module="mod_unite_revolution" name="Unite Revolution Slider" />
	</modules>
	
	<scriptfile>install.php</scriptfile>
	
</extension>