<?xml version="1.0" encoding="UTF-8"?>
<extension version="3.5" type="file" group="jcalpro" method="upgrade">
	<name>FILES_JCALTHEME_OCEAN</name>
	<license>http://www.gnu.org/licenses/gpl-2.0.html GNU/GPL</license>
	<author>Joomlashack</author>
	<authorUrl>http://joomlashack.com</authorUrl>
	<creationDate>February 09 2017</creationDate>
	<copyright>Copyright (c) 2006-2012 Anything-Digital.com - 2016 Open Source Training, LLC</copyright>
	<version>4.1.6</version>
	<description>FILES_JCALTHEME_OCEAN_XML_DESCRIPTION</description>
	<languages folder="language">
		<language tag="en-GB">en-GB/en-GB.files_jcaltheme_ocean.sys.ini</language>
	</languages>
	<fileset>
		<files target="media/com_jcalpro/themes/ocean">
			<folder>css</folder>
			<folder>images</folder>
			<folder>modules</folder>
		</files>
	</fileset>
</extension>
