<?xml version="1.0" encoding="utf-8"?>
<extension version="1.6" type="plugin" group="content" method="upgrade">
  <name>plg_content_jce</name>
  <version>2.5.28</version>
  <creationDate>07 October 2016</creationDate>
  <author>Ryan Demmer</author>
  <authorEmail>info@joomlacontenteditor.net</authorEmail>
  <authorUrl>http://www.joomlacontenteditor.net</authorUrl>
  <copyright>Copyright (C) 2006 - 2016 Ryan Demmer. All rights reserved</copyright>
  <license>GNU/GPL Version 2 - http://www.gnu.org/licenses/gpl-2.0.html</license>
  <description>PLG_CONTENT_JCE_XML_DESCRIPTION</description>
  <files>
    <file plugin="jce">jce.php</file>
    <folder>css</folder>
  </files>
</extension>
