<?xml version="1.0" encoding="UTF-8" ?>
<extension type="package" version="3.5.0" method="upgrade">
	<name>SermonSpeaker Package</name>
	<author>Thomas Hunziker</author>
	<creationDate>2016-09-30</creationDate>
	<copyright>© 2016</copyright>
	<authorEmail>admin@sermonspeaker.net</authorEmail>
	<authorUrl>http://www.sermonspeaker.net</authorUrl>
	<version>5.5.3</version>
	<license>http://www.gnu.org/licenses/gpl.html</license>
	<packagename>sermonspeaker</packagename>
	<url>http://www.sermonspeaker.net</url>
	<packager>Thomas Hunziker</packager>
	<packagerurl>http://www.sermonspeaker.net</packagerurl>
	<description>SermonSpeaker Packages</description>
	<update>http://www.sermonspeaker.net/update/package.xml</update>
	<files>
		<file type="component" id="com_sermonspeaker">com_sermonspeaker.zip</file>
		<file type="module" id="mod_latestsermons" client="site">mod_latestsermons.zip</file>
		<file type="module" id="mod_sermonspeaker" client="site">mod_sermonspeaker.zip</file>
		<file type="module" id="mod_related_sermons" client="site">mod_related_sermons.zip</file>
		<file type="module" id="mod_sermonarchive" client="site">mod_sermonarchive.zip</file>
		<file type="module" id="mod_sermoncast" client="site">mod_sermoncast.zip</file>
		<file type="module" id="mod_sermonupload" client="site">mod_sermonupload.zip</file>
		<file type="module" id="mod_sermonspeaker" client="administrator">mod_sermonspeaker_admin.zip</file>
		<file type="plugin" id="sermonspeaker" group="search">plg_search_sermonspeaker.zip</file>
		<file type="plugin" id="sermonspeaker" group="finder">plg_finder_sermonspeaker.zip</file>
		<file type="plugin" id="sermonspeaker" group="content">plg_content_sermonspeaker.zip</file>
		<file type="plugin" id="sermonspeaker" group="editors-xtd">plg_editors_xtd_sermonspeaker.zip</file>
		<file type="plugin" id="jwplayer7" group="sermonspeaker">plg_sermonspeaker_jwplayer7.zip</file>
		<file type="plugin" id="pixelout" group="sermonspeaker">plg_sermonspeaker_pixelout.zip</file>
		<file type="plugin" id="sermonspeaker" group="quickicon">plg_quickicon_sermonspeaker.zip</file>
	</files>
	<updateservers>
		<server type="collection" priority="1" name="SermonSpeaker.net">http://www.sermonspeaker.net/update/package.xml</server>
	</updateservers>
</extension>
