<?xml version="1.0" encoding="utf-8"?>
<extension version="2.5" type="plugin" group="system" method="upgrade">
	<name>System - RSForm! Pro PayFast Plugin</name>
	<author>RSJoomla!</author>
	<creationDate>November 2015</creationDate>
	<copyright>(C) 2015-2016 www.rsjoomla.com</copyright>
	<license>GNU General Public License</license>
	<authorEmail>support@rsjoomla.com</authorEmail>
	<authorUrl>www.rsjoomla.com</authorUrl>
	<version>1.0</version>
	<description><![CDATA[PLG_SYSTEM_RSFPPAYFAST_DESC]]></description>
	<scriptfile>script.php</scriptfile>

	<updateservers>
		<server type="extension" priority="1" name="RSForm! Pro - PayFast Integration">https://www.rsjoomla.com/updates/com_rsform/Plugins/plg_payfast.xml</server>
	</updateservers>

	<install>
		<sql>
			<file driver="mysql" charset="utf8">sql/mysql/install.sql</file>
		</sql>
	</install>

	<uninstall>
		<sql>
			<file driver="mysql" charset="utf8">sql/mysql/uninstall.sql</file>
		</sql>
	</uninstall>

	<files>
		<folder>sql</folder>
		<filename plugin="rsfppayfast">rsfppayfast.php</filename>
		<filename>index.html</filename>
	</files>

	<languages folder="language">
		<language tag="en-GB">en-GB/en-GB.plg_system_rsfppayfast.ini</language>
		<language tag="en-GB">en-GB/en-GB.plg_system_rsfppayfast.sys.ini</language>
	</languages>
</extension>