<?xml version="1.0" encoding="UTF-8"?>
<extension type="package" version="2.5" method="upgrade">
  <name>PKG_JCALPRO</name>
  <packagename>jcalpro</packagename>
  <version>3.2.19.4081</version>
  <author>Anything Digital</author>
  <authorEmail>admin@anything-digital.com</authorEmail>
  <authorUrl>http://anything-digital.com</authorUrl>
  <creationDate>2015-04-21</creationDate>
  <description>PKG_JCALPRO_DESCRIPTION</description>
  <updateservers>
    <server type="collection" priority="1" name="jcalpro">http://anything-digital.com/update/jcalpro/starter/list_stable.xml</server>
  </updateservers>
  <files folder="packages">
    <file type="plugin" id="jcalpro" group="extension">plg_extension_jcalpro_3.2.19.4081.zip</file>
    <file type="library" id="jcaldate">lib_jcaldate_1.0.12.4081.zip</file>
    <file type="library" id="ical">lib_ical_2.20.0.zip</file>
    <file type="library" id="htmlpurifier">lib_htmlpurifier_4.6.0.zip</file>
    <file type="library" id="phpqrcode">lib_phpqrcode_1.1.4.zip</file>
    <file type="plugin" id="jcalpro" group="system">plg_system_jcalpro_3.2.19.4081.zip</file>
    <file type="plugin" id="jcalpro" group="search">plg_search_jcalpro_3.2.19.4081.zip</file>
    <file type="plugin" id="jclcaptcha" group="content">plg_content_jclcaptcha_3.2.19.4081.zip</file>
    <file type="plugin" id="jcalpro" group="content">plg_content_jcalpro_3.2.19.4081.zip</file>
    <!-- <file type="plugin" id="jcalpro" group="extension">plg_extension_jcalpro_3.2.19.4081.zip</file> -->
    <file type="plugin" id="sh404sefextplugincom_jcalpro" group="sh404sefextplugins">plg_sh404sefextplugins_sh404sefextplugincom_jcalpro_3.2.19.4081.zip</file>
    <file type="plugin" id="jcalpro" group="user">plg_user_jcalpro_3.2.19.4081.zip</file>
    <file type="module" id="mod_jcalpro_events" client="site">mod_jcalpro_events_3.2.19.4081.zip</file>
    <file type="module" id="mod_jcalpro_calendar" client="site">mod_jcalpro_calendar_3.2.19.4081.zip</file>
    <file type="component" id="com_jcalpro">com_jcalpro_3.2.19.4081.zip</file>
    <file type="file" id="jcaltheme_inspired">files_jcalthemes_inspired_0.7.0.4081.zip</file>
  </files>
  <languages folder="language">
    <language tag="en-GB">en-GB/en-GB.pkg_jcalpro.sys.ini</language>
    <language tag="pt-BR">pt-BR/pt-BR.pkg_jcalpro.sys.ini</language>
    <language tag="es-ES">es-ES/es-ES.pkg_jcalpro.sys.ini</language>
    <language tag="nl-NL">nl-NL/nl-NL.pkg_jcalpro.sys.ini</language>
    <language tag="sv-SE">sv-SE/sv-SE.pkg_jcalpro.sys.ini</language>
    <language tag="no-NO">no-NO/no-NO.pkg_jcalpro.sys.ini</language>
    <language tag="ro-RO">ro-RO/ro-RO.pkg_jcalpro.sys.ini</language>
    <language tag="de-DE">de-DE/de-DE.pkg_jcalpro.sys.ini</language>
    <language tag="ru-RU">ru-RU/ru-RU.pkg_jcalpro.sys.ini</language>
    <language tag="da-DK">da-DK/da-DK.pkg_jcalpro.sys.ini</language>
    <language tag="fr-FR">fr-FR/fr-FR.pkg_jcalpro.sys.ini</language>
    <language tag="pl-PL">pl-PL/pl-PL.pkg_jcalpro.sys.ini</language>
  </languages>
  <compatibility>
    <version>2</version>
    <version>3</version>
  </compatibility>
</extension>
