<?xml version="1.0" encoding="utf-8"?>
<extension version="2.5" type="plugin" group="quickicon" method="upgrade">
	<name>plg_quickicon_jcefilebrowser</name>
	<author>Ryan Demmer</author>
	<creationDate>07 October 2016</creationDate>
	<copyright>Copyright (C) 2006 - 2016 Ryan Demmer. All rights reserved</copyright>
	<license>GNU/GPL Version 2 or later - http://www.gnu.org/licenses/gpl-2.0.html</license>
	<authorEmail>@@email@@</authorEmail>
	<authorUrl>www.joomalcontenteditor.net</authorUrl>
	<version>2.5.28</version>
	<description>PLG_QUICKICON_JCEFILEBROWSER_XML_DESCRIPTION</description>
	<files>
		<filename plugin="jcefilebrowser">jcefilebrowser.php</filename>
	</files>
	<config>
		<fields name="params"></fields>
	</config>
</extension>
