<?xml version="1.0" encoding="utf-8" ?>
<install client="both" method="upgrade" type="language" version="1.5">
 <author>rsjoomla.com</author>
 <authorEmail>support@rsjoomla.com</authorEmail>
 <authorUrl>http://www.rsjoomla.com</authorUrl>
 <copyright>Copyright (C) 2007 - 2010 RSJoomla.com</copyright>
 <creationDate>2010-10-10</creationDate>
 <description><![CDATA[
  <div align="center">
    <table border="0" width="90%">
	    <tr>
		    <td width="100%" colspan="2">
		      <div align="center"> <a href="http://rsjoomla.com" target="_blank"><img border="0" src="http://www.rsjoomla.com/templates/rsjoomla/img/logo.png" alt="RSJoomla.com" /></a>
				<h3> RSForm!Pro revision 30 language file:</h3>
		      </div>
		      <hr />
		    </td>
	    </tr>
	    <tr>
		    <td width="18%"><u><b>Language:</b></u></td>
		    <td width="80%">English</td>
	    </tr>
	    <tr>
		    <td width="18%"><u><b>Content:</b></u></td>
		    <td width="80%">Administrator (back-end) and Site (front-end)</td>
	    </tr>
	    <tr>
		    <td width="18%"><u><b>Author:</b></u></td>
		    <td width="80%">rsjoomla.com</td>
	    </tr>
	    <tr>
		    <td width="18%"><u><b>Website:</b></u></td>
		    <td width="80%"><a href="http://www.rsjoomla.com" target="_blank">http://www.rsjoomla.com</a></td>
	    </tr>
	    <tr>
		    <td width="18%"><u><b>Version:</b></u></td>
		    <td width="80%">3.0.0 Rev 31</td>
	    </tr>
	    <tr>
		    <td width="100%" colspan="2">
		      <p align="center"><b><font color="#008000">Check RSJoomla! download area for new version of the translation of this extension.</font></b></td>
	    </tr>
    </table>
  </div>]]></description>
 <license>http://www.gnu.org/licenses/gpl-2.0.html GNU/GPL</license>
 <name>English</name>
 <tag>en-GB</tag>
 
 <!-- Enter the version of the component -->
 <version>3.0</version>
	
<!-- Language files for the Administrator of Joomla! -->
      <administration>
        <files folder="admin">
<!-- Identify all language files in the admin folder of the installation package language file .-->
<!-- NOTE: Each file must separate between <filename> </ filename>-->
		  <filename>en-GB.com_rsform.ini</filename>
		  <filename>en-GB.com_rsform.menu.ini</filename>
		  <filename>en-GB.com_rsform.sys.ini</filename>
		  <filename>en-GB.plg_system_rsfpgoogle.ini</filename>
		  <filename>en-GB.plg_system_rsfpmailchimp.ini</filename>
		  <filename>en-GB.plg_system_rsfppaypal.ini</filename>
		  <filename>en-GB.plg_system_rsfprecaptcha.ini</filename>
		  <filename>en-GB.plg_system_rsfpsalesforce.ini</filename>
        </files>
      </administration>
	  
<!-- Language Files for the Web site of Joomla! -->
      <site>
        <files folder="site">
<!-- Identify all language files in the site folder of the installation package language file .-->
<!-- NOTE: Each file must separate between <filename> </ filename>-->
          <filename>en-GB.com_rsform.ini</filename>
        </files>
      </site>
</install>