<?xml version="1.0" encoding="utf-8"?>
<extension version="2.5" type="plugin" group="system" method="upgrade">
	<name>System - RSForm! Pro Google Analytics</name>
	<author>RSJoomla!</author>
	<creationDate>November 2012</creationDate>
	<copyright>(C) 2007-2015 www.rsjoomla.com</copyright>
	<license>GNU General Public License</license>
	<authorEmail>support@rsjoomla.com</authorEmail>
	<authorUrl>www.rsjoomla.com</authorUrl>
	<version>1.51.2</version>
	<description><![CDATA[PLG_SYSTEM_RSFPGOOGLE_DESC]]></description>
	<scriptfile>script.php</scriptfile>
	
	<updateservers>
        <server type="extension" priority="1" name="RSForm! Pro - Google Analytics Plugin">https://www.rsjoomla.com/updates/com_rsform/Plugins/plg_google.xml</server>
    </updateservers>
	
	<install>
		<sql>
			<file driver="mysql" charset="utf8">sql/mysql/install.sql</file>
		</sql>
	</install>
	<uninstall>
		<sql>
			<file driver="mysql" charset="utf8">sql/mysql/uninstall.sql</file>
		</sql>
	</uninstall>

	<files>
		<folder>sql</folder>
		<filename plugin="rsfpgoogle">rsfpgoogle.php</filename>
		<filename>index.html</filename>
	</files>
	<languages folder="language/en-GB">
		<language tag="en-GB">en-GB.plg_system_rsfpgoogle.ini</language>
		<language tag="en-GB">en-GB.plg_system_rsfpgoogle.sys.ini</language>
	</languages>
</extension>